Model,MAE,RMSE,MAPE,Month1 Forecast,Month2 Forecast,Month3 Forecast
SARIMA,18031.40467222437,19009.18206635205,0.18966498068433016,66177.60242484324,92049.24968193169,99965.16872344803
Prophet,20250.794427610937,22318.41136551923,0.21864628287701435,51318.94381151383,90325.65473580032,90041.08443014696
XGBoost,14537.391354166664,17093.026975565677,0.14590562252678577,87686.6015625,90888.234375,89354.171875
